Workbook

Sheet Ranking
A1: Ranking da equipe (atualiza sozinho)
A3: Posição | B3: Participante | C3: Semana 1 | D3: Semana 2 | E3: Semana 3 | F3: Semana 4 | G3: Semana 5 | H3: TOTAL
A4: =IF(H4=0,"-",RANK(H4,$H$4:$H$11)) | B4: José e Deusinha | C4: ='Semana 1'!L7 | D4: ='Semana 2'!L7 | E4: ='Semana 3'!L7 | F4: ='Semana 4'!L7 | G4: ='Semana 5'!L7 | H4: =SUM(C4:G4)
A5: =IF(H5=0,"-",RANK(H5,$H$4:$H$11)) | B5: Wellington e Jéssica | C5: ='Semana 1'!L8 | D5: ='Semana 2'!L8 | E5: ='Semana 3'!L8 | F5: ='Semana 4'!L8 | G5: ='Semana 5'!L8 | H5: =SUM(C5:G5)
A6: =IF(H6=0,"-",RANK(H6,$H$4:$H$11)) | B6: Dário | C6: ='Semana 1'!L9 | D6: ='Semana 2'!L9 | E6: ='Semana 3'!L9 | F6: ='Semana 4'!L9 | G6: ='Semana 5'!L9 | H6: =SUM(C6:G6)
A7: =IF(H7=0,"-",RANK(H7,$H$4:$H$11)) | B7: Roberto | C7: ='Semana 1'!L10 | D7: ='Semana 2'!L10 | E7: ='Semana 3'!L10 | F7: ='Semana 4'!L10 | G7: ='Semana 5'!L10 | H7: =SUM(C7:G7)
A8: =IF(H8=0,"-",RANK(H8,$H$4:$H$11)) | B8: Vera | C8: ='Semana 1'!L11 | D8: ='Semana 2'!L11 | E8: ='Semana 3'!L11 | F8: ='Semana 4'!L11 | G8: ='Semana 5'!L11 | H8: =SUM(C8:G8)
A9: =IF(H9=0,"-",RANK(H9,$H$4:$H$11)) | B9: Regina | C9: ='Semana 1'!L12 | D9: ='Semana 2'!L12 | E9: ='Semana 3'!L12 | F9: ='Semana 4'!L12 | G9: ='Semana 5'!L12 | H9: =SUM(C9:G9)
A10: =IF(H10=0,"-",RANK(H10,$H$4:$H$11)) | B10: Daniel | C10: ='Semana 1'!L13 | D10: ='Semana 2'!L13 | E10: ='Semana 3'!L13 | F10: ='Semana 4'!L13 | G10: ='Semana 5'!L13 | H10: =SUM(C10:G10)
A11: =IF(H11=0,"-",RANK(H11,$H$4:$H$11)) | B11: Antônio e Rosângela | C11: ='Semana 1'!L14 | D11: ='Semana 2'!L14 | E11: ='Semana 3'!L14 | F11: ='Semana 4'!L14 | G11: ='Semana 5'!L14 | H11: =SUM(C11:G11)
B12: TOTAL DA EQUIPE | C12: =SUM(C4:C11) | D12: =SUM(D4:D11) | E12: =SUM(E4:E11) | F12: =SUM(F4:F11) | G12: =SUM(G4:G11) | H12: =SUM(H4:H11)
A14: Como usar: vá na aba da semana, digite quantas vezes cada pessoa fez cada atividade nas células amarelas. O ranking atualiza sozinho.

Sheet Semana 1
A1: Semana 1: digite só a QUANTIDADE de vezes nas células amarelas
A2: Os pontos são calculados sozinhos. Se mudar o valor de uma atividade, altere na linha "Pontos por vez".
A4: Desafio | B4: 1. Treinamento | C4: 1. Treinamento | D4: 1. Treinamento | E4: 2. Estudo e Ação | F4: 2. Estudo e Ação | G4: 2. Estudo e Ação | H4: 3. Vendas e formação | I4: 3. Vendas e formação | J4: 3. Vendas e formação | K4: 4. Mesa Redonda
A5: Participante | B5: Gabinete 07h (segunda) | C5: Projeto Gradua 10h | D5: TFE 20h | E5: Estudar a pasta | F5: Partiu visita | G5: Pós visita | H5: Fechamento de qualquer produto | I5: Recrutamento de consultor | J5: Convidado para workshop | K5: Foto com membro da equipe | L5: TOTAL DA SEMANA
A6: Pontos por vez | B6: 200 | C6: 200 | D6: 600 | E6: 300 | F6: 300 | G6: 400 | H6: 1000 | I6: 1000 | J6: 1000 | K6: 50
A7: José e Deusinha | L7: =SUMPRODUCT(B7:K7,$B$6:$K$6)
A8: Wellington e Jéssica | L8: =SUMPRODUCT(B8:K8,$B$6:$K$6)
A9: Dário | L9: =SUMPRODUCT(B9:K9,$B$6:$K$6)
A10: Roberto | L10: =SUMPRODUCT(B10:K10,$B$6:$K$6)
A11: Vera | L11: =SUMPRODUCT(B11:K11,$B$6:$K$6)
A12: Regina | L12: =SUMPRODUCT(B12:K12,$B$6:$K$6)
A13: Daniel | L13: =SUMPRODUCT(B13:K13,$B$6:$K$6)
A14: Antônio e Rosângela | L14: =SUMPRODUCT(B14:K14,$B$6:$K$6)

Sheet Semana 2
A1: Semana 2: digite só a QUANTIDADE de vezes nas células amarelas
A2: Os pontos são calculados sozinhos. Se mudar o valor de uma atividade, altere na linha "Pontos por vez".
A4: Desafio | B4: 1. Treinamento | C4: 1. Treinamento | D4: 1. Treinamento | E4: 2. Estudo e Ação | F4: 2. Estudo e Ação | G4: 2. Estudo e Ação | H4: 3. Vendas e formação | I4: 3. Vendas e formação | J4: 3. Vendas e formação | K4: 4. Mesa Redonda
A5: Participante | B5: Gabinete 07h (segunda) | C5: Projeto Gradua 10h | D5: TFE 20h | E5: Estudar a pasta | F5: Partiu visita | G5: Pós visita | H5: Fechamento de qualquer produto | I5: Recrutamento de consultor | J5: Convidado para workshop | K5: Foto com membro da equipe | L5: TOTAL DA SEMANA
A6: Pontos por vez | B6: 200 | C6: 200 | D6: 600 | E6: 300 | F6: 300 | G6: 400 | H6: 1000 | I6: 1000 | J6: 1000 | K6: 50
A7: José e Deusinha | L7: =SUMPRODUCT(B7:K7,$B$6:$K$6)
A8: Wellington e Jéssica | L8: =SUMPRODUCT(B8:K8,$B$6:$K$6)
A9: Dário | L9: =SUMPRODUCT(B9:K9,$B$6:$K$6)
A10: Roberto | L10: =SUMPRODUCT(B10:K10,$B$6:$K$6)
A11: Vera | L11: =SUMPRODUCT(B11:K11,$B$6:$K$6)
A12: Regina | L12: =SUMPRODUCT(B12:K12,$B$6:$K$6)
A13: Daniel | L13: =SUMPRODUCT(B13:K13,$B$6:$K$6)
A14: Antônio e Rosângela | L14: =SUMPRODUCT(B14:K14,$B$6:$K$6)

Sheet Semana 3
A1: Semana 3: digite só a QUANTIDADE de vezes nas células amarelas
A2: Os pontos são calculados sozinhos. Se mudar o valor de uma atividade, altere na linha "Pontos por vez".
A4: Desafio | B4: 1. Treinamento | C4: 1. Treinamento | D4: 1. Treinamento | E4: 2. Estudo e Ação | F4: 2. Estudo e Ação | G4: 2. Estudo e Ação | H4: 3. Vendas e formação | I4: 3. Vendas e formação | J4: 3. Vendas e formação | K4: 4. Mesa Redonda
A5: Participante | B5: Gabinete 07h (segunda) | C5: Projeto Gradua 10h | D5: TFE 20h | E5: Estudar a pasta | F5: Partiu visita | G5: Pós visita | H5: Fechamento de qualquer produto | I5: Recrutamento de consultor | J5: Convidado para workshop | K5: Foto com membro da equipe | L5: TOTAL DA SEMANA
A6: Pontos por vez | B6: 200 | C6: 200 | D6: 600 | E6: 300 | F6: 300 | G6: 400 | H6: 1000 | I6: 1000 | J6: 1000 | K6: 50
A7: José e Deusinha | L7: =SUMPRODUCT(B7:K7,$B$6:$K$6)
A8: Wellington e Jéssica | L8: =SUMPRODUCT(B8:K8,$B$6:$K$6)
A9: Dário | L9: =SUMPRODUCT(B9:K9,$B$6:$K$6)
A10: Roberto | L10: =SUMPRODUCT(B10:K10,$B$6:$K$6)
A11: Vera | L11: =SUMPRODUCT(B11:K11,$B$6:$K$6)
A12: Regina | L12: =SUMPRODUCT(B12:K12,$B$6:$K$6)
A13: Daniel | L13: =SUMPRODUCT(B13:K13,$B$6:$K$6)
A14: Antônio e Rosângela | L14: =SUMPRODUCT(B14:K14,$B$6:$K$6)

Sheet Semana 4
A1: Semana 4: digite só a QUANTIDADE de vezes nas células amarelas
A2: Os pontos são calculados sozinhos. Se mudar o valor de uma atividade, altere na linha "Pontos por vez".
A4: Desafio | B4: 1. Treinamento | C4: 1. Treinamento | D4: 1. Treinamento | E4: 2. Estudo e Ação | F4: 2. Estudo e Ação | G4: 2. Estudo e Ação | H4: 3. Vendas e formação | I4: 3. Vendas e formação | J4: 3. Vendas e formação | K4: 4. Mesa Redonda
A5: Participante | B5: Gabinete 07h (segunda) | C5: Projeto Gradua 10h | D5: TFE 20h | E5: Estudar a pasta | F5: Partiu visita | G5: Pós visita | H5: Fechamento de qualquer produto | I5: Recrutamento de consultor | J5: Convidado para workshop | K5: Foto com membro da equipe | L5: TOTAL DA SEMANA
A6: Pontos por vez | B6: 200 | C6: 200 | D6: 600 | E6: 300 | F6: 300 | G6: 400 | H6: 1000 | I6: 1000 | J6: 1000 | K6: 50
A7: José e Deusinha | L7: =SUMPRODUCT(B7:K7,$B$6:$K$6)
A8: Wellington e Jéssica | L8: =SUMPRODUCT(B8:K8,$B$6:$K$6)
A9: Dário | L9: =SUMPRODUCT(B9:K9,$B$6:$K$6)
A10: Roberto | L10: =SUMPRODUCT(B10:K10,$B$6:$K$6)
A11: Vera | L11: =SUMPRODUCT(B11:K11,$B$6:$K$6)
A12: Regina | L12: =SUMPRODUCT(B12:K12,$B$6:$K$6)
A13: Daniel | L13: =SUMPRODUCT(B13:K13,$B$6:$K$6)
A14: Antônio e Rosângela | L14: =SUMPRODUCT(B14:K14,$B$6:$K$6)

Sheet Semana 5
A1: Semana 5: digite só a QUANTIDADE de vezes nas células amarelas
A2: Os pontos são calculados sozinhos. Se mudar o valor de uma atividade, altere na linha "Pontos por vez".
A4: Desafio | B4: 1. Treinamento | C4: 1. Treinamento | D4: 1. Treinamento | E4: 2. Estudo e Ação | F4: 2. Estudo e Ação | G4: 2. Estudo e Ação | H4: 3. Vendas e formação | I4: 3. Vendas e formação | J4: 3. Vendas e formação | K4: 4. Mesa Redonda
A5: Participante | B5: Gabinete 07h (segunda) | C5: Projeto Gradua 10h | D5: TFE 20h | E5: Estudar a pasta | F5: Partiu visita | G5: Pós visita | H5: Fechamento de qualquer produto | I5: Recrutamento de consultor | J5: Convidado para workshop | K5: Foto com membro da equipe | L5: TOTAL DA SEMANA
A6: Pontos por vez | B6: 200 | C6: 200 | D6: 600 | E6: 300 | F6: 300 | G6: 400 | H6: 1000 | I6: 1000 | J6: 1000 | K6: 50
A7: José e Deusinha | L7: =SUMPRODUCT(B7:K7,$B$6:$K$6)
A8: Wellington e Jéssica | L8: =SUMPRODUCT(B8:K8,$B$6:$K$6)
A9: Dário | L9: =SUMPRODUCT(B9:K9,$B$6:$K$6)
A10: Roberto | L10: =SUMPRODUCT(B10:K10,$B$6:$K$6)
A11: Vera | L11: =SUMPRODUCT(B11:K11,$B$6:$K$6)
A12: Regina | L12: =SUMPRODUCT(B12:K12,$B$6:$K$6)
A13: Daniel | L13: =SUMPRODUCT(B13:K13,$B$6:$K$6)
A14: Antônio e Rosângela | L14: =SUMPRODUCT(B14:K14,$B$6:$K$6)
