Workbook

Sheet Resumo Geral
A1: TERAPIAS E SAÚDE – Resumo Geral de Pontuação
A2: Soma automática de todas as semanas. Não precisa digitar nada aqui.
A4: Membro | B4: Semana 1 | C4: Semana 2 | D4: Semana 3 | E4: Semana 4 | F4: Semana 5 | G4: TOTAL ACUMULADO | H4: POSIÇÃO
A5: José e Deusinha | B5: ='Semana 1'!P8 -> 0 | C5: ='Semana 2'!P8 -> 0 | D5: ='Semana 3'!P8 -> 0 | E5: ='Semana 4'!P8 -> 0 | F5: ='Semana 5'!P8 -> 0 | G5: =SUM(B5:F5) -> 0 | H5: =IF(G5=0,"-",RANK(G5,G$5:G$12)) -> -
A6: Wellington e Jéssica | B6: ='Semana 1'!P9 -> 0 | C6: ='Semana 2'!P9 -> 0 | D6: ='Semana 3'!P9 -> 0 | E6: ='Semana 4'!P9 -> 0 | F6: ='Semana 5'!P9 -> 0 | G6: =SUM(B6:F6) -> 0 | H6: =IF(G6=0,"-",RANK(G6,G$5:G$12)) -> -
A7: Dário | B7: ='Semana 1'!P10 -> 0 | C7: ='Semana 2'!P10 -> 0 | D7: ='Semana 3'!P10 -> 0 | E7: ='Semana 4'!P10 -> 0 | F7: ='Semana 5'!P10 -> 0 | G7: =SUM(B7:F7) -> 0 | H7: =IF(G7=0,"-",RANK(G7,G$5:G$12)) -> -
A8: Roberto | B8: ='Semana 1'!P11 -> 0 | C8: ='Semana 2'!P11 -> 0 | D8: ='Semana 3'!P11 -> 0 | E8: ='Semana 4'!P11 -> 0 | F8: ='Semana 5'!P11 -> 0 | G8: =SUM(B8:F8) -> 0 | H8: =IF(G8=0,"-",RANK(G8,G$5:G$12)) -> -
A9: Vera | B9: ='Semana 1'!P12 -> 0 | C9: ='Semana 2'!P12 -> 0 | D9: ='Semana 3'!P12 -> 0 | E9: ='Semana 4'!P12 -> 0 | F9: ='Semana 5'!P12 -> 0 | G9: =SUM(B9:F9) -> 0 | H9: =IF(G9=0,"-",RANK(G9,G$5:G$12)) -> -
A10: Regina | B10: ='Semana 1'!P13 -> 0 | C10: ='Semana 2'!P13 -> 0 | D10: ='Semana 3'!P13 -> 0 | E10: ='Semana 4'!P13 -> 0 | F10: ='Semana 5'!P13 -> 0 | G10: =SUM(B10:F10) -> 0 | H10: =IF(G10=0,"-",RANK(G10,G$5:G$12)) -> -
A11: Daniel | B11: ='Semana 1'!P14 -> 0 | C11: ='Semana 2'!P14 -> 0 | D11: ='Semana 3'!P14 -> 0 | E11: ='Semana 4'!P14 -> 0 | F11: ='Semana 5'!P14 -> 0 | G11: =SUM(B11:F11) -> 0 | H11: =IF(G11=0,"-",RANK(G11,G$5:G$12)) -> -
A12: Antônio e Rosângela | B12: ='Semana 1'!P15 -> 0 | C12: ='Semana 2'!P15 -> 0 | D12: ='Semana 3'!P15 -> 0 | E12: ='Semana 4'!P15 -> 0 | F12: ='Semana 5'!P15 -> 0 | G12: =SUM(B12:F12) -> 0 | H12: =IF(G12=0,"-",RANK(G12,G$5:G$12)) -> -
A13: TOTAL DA EQUIPE | B13: =SUM(B5:B12) -> 0 | C13: =SUM(C5:C12) -> 0 | D13: =SUM(D5:D12) -> 0 | E13: =SUM(E5:E12) -> 0 | F13: =SUM(F5:F12) -> 0 | G13: =SUM(G5:G12) -> 0

Sheet Pontuação
A1: TERAPIAS E SAÚDE – Tabela de pontuação
A2: Se algum valor mudar, altere só aqui (células azuis). Todas as semanas atualizam sozinhas.
A4: Desafio | B4: Atividade | C4: Pontos por vez
A5: 01 Treinamento | B5: Segunda – Gabinete 07h | C5: 200
A6: 01 Treinamento | B6: Projeto Gradua 10h | C6: 200
A7: 01 Treinamento | B7: TFE 20h | C7: 600
A8: 02 Estudo e Ação | B8: Estudar a pasta | C8: 300
A9: 02 Estudo e Ação | B9: Partiu visita | C9: 300
A10: 02 Estudo e Ação | B10: Pós visita | C10: 400
A11: 03 Vendas e Formação | B11: Fechamento de qualquer produto | C11: 1000
A12: 03 Vendas e Formação | B12: Recrutamento de consultor | C12: 1000
A13: 03 Vendas e Formação | B13: Convidados para workshop | C13: 1000
A14: 04 Mesa Redonda | B14: Foto com membro da equipe | C14: 50
A16: Fonte: pontuações informadas por Karol (cliente Terapias e Saúde).

Sheet Semana 1
A1: TERAPIAS E SAÚDE – Controle de Pontuação da Equipe
A2: Semana 1
A3: De: | C3: Até: | F3: Como usar: nas células amarelas, anote quantas vezes o membro fez a atividade (1 = uma vez; 0 ou vazio = não fez). Em 'Convidados', anote quantos convidados levou.
A5: Membro | B5: 01 Treinamento | E5: 02 Estudo e Ação | H5: 03 Vendas e Formação | K5: 04 Mesa Redonda | L5: Pontos por desafio
B6: Segunda – Gabinete 07h | C6: Projeto Gradua 10h | D6: TFE 20h | E6: Estudar a pasta | F6: Partiu visita | G6: Pós visita | H6: Fechamento de qualquer produto | I6: Recrutamento de consultor | J6: Convidados para workshop | K6: Foto com membro da equipe | L6: Total Treinamento | M6: Total Estudo e Ação | N6: Total Vendas e Formação | O6: Total Mesa Redonda
A7: Pontos por vez → | B7: =Pontuação!$C$5 -> 200 | C7: =Pontuação!$C$6 -> 200 | D7: =Pontuação!$C$7 -> 600 | E7: =Pontuação!$C$8 -> 300 | F7: =Pontuação!$C$9 -> 300 | G7: =Pontuação!$C$10 -> 400 | H7: =Pontuação!$C$11 -> 1000 | I7: =Pontuação!$C$12 -> 1000 | J7: =Pontuação!$C$13 -> 1000 | K7: =Pontuação!$C$14 -> 50
A8: José e Deusinha | L8: =SUMPRODUCT(B8:D8,B$7:D$7) -> 0 | M8: =SUMPRODUCT(E8:G8,E$7:G$7) -> 0 | N8: =SUMPRODUCT(H8:J8,H$7:J$7) -> 0 | O8: =SUMPRODUCT(K8:K8,K$7:K$7) -> 0 | P8: =SUM(L8:O8) -> 0 | Q8: =IF(P8=0,"-",RANK(P8,P$8:P$15)) -> -
A9: Wellington e Jéssica | L9: =SUMPRODUCT(B9:D9,B$7:D$7) -> 0 | M9: =SUMPRODUCT(E9:G9,E$7:G$7) -> 0 | N9: =SUMPRODUCT(H9:J9,H$7:J$7) -> 0 | O9: =SUMPRODUCT(K9:K9,K$7:K$7) -> 0 | P9: =SUM(L9:O9) -> 0 | Q9: =IF(P9=0,"-",RANK(P9,P$8:P$15)) -> -
A10: Dário | L10: =SUMPRODUCT(B10:D10,B$7:D$7) -> 0 | M10: =SUMPRODUCT(E10:G10,E$7:G$7) -> 0 | N10: =SUMPRODUCT(H10:J10,H$7:J$7) -> 0 | O10: =SUMPRODUCT(K10:K10,K$7:K$7) -> 0 | P10: =SUM(L10:O10) -> 0 | Q10: =IF(P10=0,"-",RANK(P10,P$8:P$15)) -> -
A11: Roberto | L11: =SUMPRODUCT(B11:D11,B$7:D$7) -> 0 | M11: =SUMPRODUCT(E11:G11,E$7:G$7) -> 0 | N11: =SUMPRODUCT(H11:J11,H$7:J$7) -> 0 | O11: =SUMPRODUCT(K11:K11,K$7:K$7) -> 0 | P11: =SUM(L11:O11) -> 0 | Q11: =IF(P11=0,"-",RANK(P11,P$8:P$15)) -> -
A12: Vera | L12: =SUMPRODUCT(B12:D12,B$7:D$7) -> 0 | M12: =SUMPRODUCT(E12:G12,E$7:G$7) -> 0 | N12: =SUMPRODUCT(H12:J12,H$7:J$7) -> 0 | O12: =SUMPRODUCT(K12:K12,K$7:K$7) -> 0 | P12: =SUM(L12:O12) -> 0 | Q12: =IF(P12=0,"-",RANK(P12,P$8:P$15)) -> -
A13: Regina | L13: =SUMPRODUCT(B13:D13,B$7:D$7) -> 0 | M13: =SUMPRODUCT(E13:G13,E$7:G$7) -> 0 | N13: =SUMPRODUCT(H13:J13,H$7:J$7) -> 0 | O13: =SUMPRODUCT(K13:K13,K$7:K$7) -> 0 | P13: =SUM(L13:O13) -> 0 | Q13: =IF(P13=0,"-",RANK(P13,P$8:P$15)) -> -
A14: Daniel | L14: =SUMPRODUCT(B14:D14,B$7:D$7) -> 0 | M14: =SUMPRODUCT(E14:G14,E$7:G$7) -> 0 | N14: =SUMPRODUCT(H14:J14,H$7:J$7) -> 0 | O14: =SUMPRODUCT(K14:K14,K$7:K$7) -> 0 | P14: =SUM(L14:O14) -> 0 | Q14: =IF(P14=0,"-",RANK(P14,P$8:P$15)) -> -
A15: Antônio e Rosângela | L15: =SUMPRODUCT(B15:D15,B$7:D$7) -> 0 | M15: =SUMPRODUCT(E15:G15,E$7:G$7) -> 0 | N15: =SUMPRODUCT(H15:J15,H$7:J$7) -> 0 | O15: =SUMPRODUCT(K15:K15,K$7:K$7) -> 0 | P15: =SUM(L15:O15) -> 0 | Q15: =IF(P15=0,"-",RANK(P15,P$8:P$15)) -> -
A16: TOTAL DA EQUIPE | L16: =SUM(L8:L15) -> 0 | M16: =SUM(M8:M15) -> 0 | N16: =SUM(N8:N15) -> 0 | O16: =SUM(O8:O15) -> 0 | P16: =SUM(P8:P15) -> 0

Sheet Semana 2
A1: TERAPIAS E SAÚDE – Controle de Pontuação da Equipe
A2: Semana 2
A3: De: | C3: Até: | F3: Como usar: nas células amarelas, anote quantas vezes o membro fez a atividade (1 = uma vez; 0 ou vazio = não fez). Em 'Convidados', anote quantos convidados levou.
A5: Membro | B5: 01 Treinamento | E5: 02 Estudo e Ação | H5: 03 Vendas e Formação | K5: 04 Mesa Redonda | L5: Pontos por desafio
B6: Segunda – Gabinete 07h | C6: Projeto Gradua 10h | D6: TFE 20h | E6: Estudar a pasta | F6: Partiu visita | G6: Pós visita | H6: Fechamento de qualquer produto | I6: Recrutamento de consultor | J6: Convidados para workshop | K6: Foto com membro da equipe | L6: Total Treinamento | M6: Total Estudo e Ação | N6: Total Vendas e Formação | O6: Total Mesa Redonda
A7: Pontos por vez → | B7: =Pontuação!$C$5 -> 200 | C7: =Pontuação!$C$6 -> 200 | D7: =Pontuação!$C$7 -> 600 | E7: =Pontuação!$C$8 -> 300 | F7: =Pontuação!$C$9 -> 300 | G7: =Pontuação!$C$10 -> 400 | H7: =Pontuação!$C$11 -> 1000 | I7: =Pontuação!$C$12 -> 1000 | J7: =Pontuação!$C$13 -> 1000 | K7: =Pontuação!$C$14 -> 50
A8: José e Deusinha | L8: =SUMPRODUCT(B8:D8,B$7:D$7) -> 0 | M8: =SUMPRODUCT(E8:G8,E$7:G$7) -> 0 | N8: =SUMPRODUCT(H8:J8,H$7:J$7) -> 0 | O8: =SUMPRODUCT(K8:K8,K$7:K$7) -> 0 | P8: =SUM(L8:O8) -> 0 | Q8: =IF(P8=0,"-",RANK(P8,P$8:P$15)) -> -
A9: Wellington e Jéssica | L9: =SUMPRODUCT(B9:D9,B$7:D$7) -> 0 | M9: =SUMPRODUCT(E9:G9,E$7:G$7) -> 0 | N9: =SUMPRODUCT(H9:J9,H$7:J$7) -> 0 | O9: =SUMPRODUCT(K9:K9,K$7:K$7) -> 0 | P9: =SUM(L9:O9) -> 0 | Q9: =IF(P9=0,"-",RANK(P9,P$8:P$15)) -> -
A10: Dário | L10: =SUMPRODUCT(B10:D10,B$7:D$7) -> 0 | M10: =SUMPRODUCT(E10:G10,E$7:G$7) -> 0 | N10: =SUMPRODUCT(H10:J10,H$7:J$7) -> 0 | O10: =SUMPRODUCT(K10:K10,K$7:K$7) -> 0 | P10: =SUM(L10:O10) -> 0 | Q10: =IF(P10=0,"-",RANK(P10,P$8:P$15)) -> -
A11: Roberto | L11: =SUMPRODUCT(B11:D11,B$7:D$7) -> 0 | M11: =SUMPRODUCT(E11:G11,E$7:G$7) -> 0 | N11: =SUMPRODUCT(H11:J11,H$7:J$7) -> 0 | O11: =SUMPRODUCT(K11:K11,K$7:K$7) -> 0 | P11: =SUM(L11:O11) -> 0 | Q11: =IF(P11=0,"-",RANK(P11,P$8:P$15)) -> -
A12: Vera | L12: =SUMPRODUCT(B12:D12,B$7:D$7) -> 0 | M12: =SUMPRODUCT(E12:G12,E$7:G$7) -> 0 | N12: =SUMPRODUCT(H12:J12,H$7:J$7) -> 0 | O12: =SUMPRODUCT(K12:K12,K$7:K$7) -> 0 | P12: =SUM(L12:O12) -> 0 | Q12: =IF(P12=0,"-",RANK(P12,P$8:P$15)) -> -
A13: Regina | L13: =SUMPRODUCT(B13:D13,B$7:D$7) -> 0 | M13: =SUMPRODUCT(E13:G13,E$7:G$7) -> 0 | N13: =SUMPRODUCT(H13:J13,H$7:J$7) -> 0 | O13: =SUMPRODUCT(K13:K13,K$7:K$7) -> 0 | P13: =SUM(L13:O13) -> 0 | Q13: =IF(P13=0,"-",RANK(P13,P$8:P$15)) -> -
A14: Daniel | L14: =SUMPRODUCT(B14:D14,B$7:D$7) -> 0 | M14: =SUMPRODUCT(E14:G14,E$7:G$7) -> 0 | N14: =SUMPRODUCT(H14:J14,H$7:J$7) -> 0 | O14: =SUMPRODUCT(K14:K14,K$7:K$7) -> 0 | P14: =SUM(L14:O14) -> 0 | Q14: =IF(P14=0,"-",RANK(P14,P$8:P$15)) -> -
A15: Antônio e Rosângela | L15: =SUMPRODUCT(B15:D15,B$7:D$7) -> 0 | M15: =SUMPRODUCT(E15:G15,E$7:G$7) -> 0 | N15: =SUMPRODUCT(H15:J15,H$7:J$7) -> 0 | O15: =SUMPRODUCT(K15:K15,K$7:K$7) -> 0 | P15: =SUM(L15:O15) -> 0 | Q15: =IF(P15=0,"-",RANK(P15,P$8:P$15)) -> -
A16: TOTAL DA EQUIPE | L16: =SUM(L8:L15) -> 0 | M16: =SUM(M8:M15) -> 0 | N16: =SUM(N8:N15) -> 0 | O16: =SUM(O8:O15) -> 0 | P16: =SUM(P8:P15) -> 0

Sheet Semana 3
A1: TERAPIAS E SAÚDE – Controle de Pontuação da Equipe
A2: Semana 3
A3: De: | C3: Até: | F3: Como usar: nas células amarelas, anote quantas vezes o membro fez a atividade (1 = uma vez; 0 ou vazio = não fez). Em 'Convidados', anote quantos convidados levou.
A5: Membro | B5: 01 Treinamento | E5: 02 Estudo e Ação | H5: 03 Vendas e Formação | K5: 04 Mesa Redonda | L5: Pontos por desafio
B6: Segunda – Gabinete 07h | C6: Projeto Gradua 10h | D6: TFE 20h | E6: Estudar a pasta | F6: Partiu visita | G6: Pós visita | H6: Fechamento de qualquer produto | I6: Recrutamento de consultor | J6: Convidados para workshop | K6: Foto com membro da equipe | L6: Total Treinamento | M6: Total Estudo e Ação | N6: Total Vendas e Formação | O6: Total Mesa Redonda
A7: Pontos por vez → | B7: =Pontuação!$C$5 -> 200 | C7: =Pontuação!$C$6 -> 200 | D7: =Pontuação!$C$7 -> 600 | E7: =Pontuação!$C$8 -> 300 | F7: =Pontuação!$C$9 -> 300 | G7: =Pontuação!$C$10 -> 400 | H7: =Pontuação!$C$11 -> 1000 | I7: =Pontuação!$C$12 -> 1000 | J7: =Pontuação!$C$13 -> 1000 | K7: =Pontuação!$C$14 -> 50
A8: José e Deusinha | L8: =SUMPRODUCT(B8:D8,B$7:D$7) -> 0 | M8: =SUMPRODUCT(E8:G8,E$7:G$7) -> 0 | N8: =SUMPRODUCT(H8:J8,H$7:J$7) -> 0 | O8: =SUMPRODUCT(K8:K8,K$7:K$7) -> 0 | P8: =SUM(L8:O8) -> 0 | Q8: =IF(P8=0,"-",RANK(P8,P$8:P$15)) -> -
A9: Wellington e Jéssica | L9: =SUMPRODUCT(B9:D9,B$7:D$7) -> 0 | M9: =SUMPRODUCT(E9:G9,E$7:G$7) -> 0 | N9: =SUMPRODUCT(H9:J9,H$7:J$7) -> 0 | O9: =SUMPRODUCT(K9:K9,K$7:K$7) -> 0 | P9: =SUM(L9:O9) -> 0 | Q9: =IF(P9=0,"-",RANK(P9,P$8:P$15)) -> -
A10: Dário | L10: =SUMPRODUCT(B10:D10,B$7:D$7) -> 0 | M10: =SUMPRODUCT(E10:G10,E$7:G$7) -> 0 | N10: =SUMPRODUCT(H10:J10,H$7:J$7) -> 0 | O10: =SUMPRODUCT(K10:K10,K$7:K$7) -> 0 | P10: =SUM(L10:O10) -> 0 | Q10: =IF(P10=0,"-",RANK(P10,P$8:P$15)) -> -
A11: Roberto | L11: =SUMPRODUCT(B11:D11,B$7:D$7) -> 0 | M11: =SUMPRODUCT(E11:G11,E$7:G$7) -> 0 | N11: =SUMPRODUCT(H11:J11,H$7:J$7) -> 0 | O11: =SUMPRODUCT(K11:K11,K$7:K$7) -> 0 | P11: =SUM(L11:O11) -> 0 | Q11: =IF(P11=0,"-",RANK(P11,P$8:P$15)) -> -
A12: Vera | L12: =SUMPRODUCT(B12:D12,B$7:D$7) -> 0 | M12: =SUMPRODUCT(E12:G12,E$7:G$7) -> 0 | N12: =SUMPRODUCT(H12:J12,H$7:J$7) -> 0 | O12: =SUMPRODUCT(K12:K12,K$7:K$7) -> 0 | P12: =SUM(L12:O12) -> 0 | Q12: =IF(P12=0,"-",RANK(P12,P$8:P$15)) -> -
A13: Regina | L13: =SUMPRODUCT(B13:D13,B$7:D$7) -> 0 | M13: =SUMPRODUCT(E13:G13,E$7:G$7) -> 0 | N13: =SUMPRODUCT(H13:J13,H$7:J$7) -> 0 | O13: =SUMPRODUCT(K13:K13,K$7:K$7) -> 0 | P13: =SUM(L13:O13) -> 0 | Q13: =IF(P13=0,"-",RANK(P13,P$8:P$15)) -> -
A14: Daniel | L14: =SUMPRODUCT(B14:D14,B$7:D$7) -> 0 | M14: =SUMPRODUCT(E14:G14,E$7:G$7) -> 0 | N14: =SUMPRODUCT(H14:J14,H$7:J$7) -> 0 | O14: =SUMPRODUCT(K14:K14,K$7:K$7) -> 0 | P14: =SUM(L14:O14) -> 0 | Q14: =IF(P14=0,"-",RANK(P14,P$8:P$15)) -> -
A15: Antônio e Rosângela | L15: =SUMPRODUCT(B15:D15,B$7:D$7) -> 0 | M15: =SUMPRODUCT(E15:G15,E$7:G$7) -> 0 | N15: =SUMPRODUCT(H15:J15,H$7:J$7) -> 0 | O15: =SUMPRODUCT(K15:K15,K$7:K$7) -> 0 | P15: =SUM(L15:O15) -> 0 | Q15: =IF(P15=0,"-",RANK(P15,P$8:P$15)) -> -
A16: TOTAL DA EQUIPE | L16: =SUM(L8:L15) -> 0 | M16: =SUM(M8:M15) -> 0 | N16: =SUM(N8:N15) -> 0 | O16: =SUM(O8:O15) -> 0 | P16: =SUM(P8:P15) -> 0

Sheet Semana 4
A1: TERAPIAS E SAÚDE – Controle de Pontuação da Equipe
A2: Semana 4
A3: De: | C3: Até: | F3: Como usar: nas células amarelas, anote quantas vezes o membro fez a atividade (1 = uma vez; 0 ou vazio = não fez). Em 'Convidados', anote quantos convidados levou.
A5: Membro | B5: 01 Treinamento | E5: 02 Estudo e Ação | H5: 03 Vendas e Formação | K5: 04 Mesa Redonda | L5: Pontos por desafio
B6: Segunda – Gabinete 07h | C6: Projeto Gradua 10h | D6: TFE 20h | E6: Estudar a pasta | F6: Partiu visita | G6: Pós visita | H6: Fechamento de qualquer produto | I6: Recrutamento de consultor | J6: Convidados para workshop | K6: Foto com membro da equipe | L6: Total Treinamento | M6: Total Estudo e Ação | N6: Total Vendas e Formação | O6: Total Mesa Redonda
A7: Pontos por vez → | B7: =Pontuação!$C$5 -> 200 | C7: =Pontuação!$C$6 -> 200 | D7: =Pontuação!$C$7 -> 600 | E7: =Pontuação!$C$8 -> 300 | F7: =Pontuação!$C$9 -> 300 | G7: =Pontuação!$C$10 -> 400 | H7: =Pontuação!$C$11 -> 1000 | I7: =Pontuação!$C$12 -> 1000 | J7: =Pontuação!$C$13 -> 1000 | K7: =Pontuação!$C$14 -> 50
A8: José e Deusinha | L8: =SUMPRODUCT(B8:D8,B$7:D$7) -> 0 | M8: =SUMPRODUCT(E8:G8,E$7:G$7) -> 0 | N8: =SUMPRODUCT(H8:J8,H$7:J$7) -> 0 | O8: =SUMPRODUCT(K8:K8,K$7:K$7) -> 0 | P8: =SUM(L8:O8) -> 0 | Q8: =IF(P8=0,"-",RANK(P8,P$8:P$15)) -> -
A9: Wellington e Jéssica | L9: =SUMPRODUCT(B9:D9,B$7:D$7) -> 0 | M9: =SUMPRODUCT(E9:G9,E$7:G$7) -> 0 | N9: =SUMPRODUCT(H9:J9,H$7:J$7) -> 0 | O9: =SUMPRODUCT(K9:K9,K$7:K$7) -> 0 | P9: =SUM(L9:O9) -> 0 | Q9: =IF(P9=0,"-",RANK(P9,P$8:P$15)) -> -
A10: Dário | L10: =SUMPRODUCT(B10:D10,B$7:D$7) -> 0 | M10: =SUMPRODUCT(E10:G10,E$7:G$7) -> 0 | N10: =SUMPRODUCT(H10:J10,H$7:J$7) -> 0 | O10: =SUMPRODUCT(K10:K10,K$7:K$7) -> 0 | P10: =SUM(L10:O10) -> 0 | Q10: =IF(P10=0,"-",RANK(P10,P$8:P$15)) -> -
A11: Roberto | L11: =SUMPRODUCT(B11:D11,B$7:D$7) -> 0 | M11: =SUMPRODUCT(E11:G11,E$7:G$7) -> 0 | N11: =SUMPRODUCT(H11:J11,H$7:J$7) -> 0 | O11: =SUMPRODUCT(K11:K11,K$7:K$7) -> 0 | P11: =SUM(L11:O11) -> 0 | Q11: =IF(P11=0,"-",RANK(P11,P$8:P$15)) -> -
A12: Vera | L12: =SUMPRODUCT(B12:D12,B$7:D$7) -> 0 | M12: =SUMPRODUCT(E12:G12,E$7:G$7) -> 0 | N12: =SUMPRODUCT(H12:J12,H$7:J$7) -> 0 | O12: =SUMPRODUCT(K12:K12,K$7:K$7) -> 0 | P12: =SUM(L12:O12) -> 0 | Q12: =IF(P12=0,"-",RANK(P12,P$8:P$15)) -> -
A13: Regina | L13: =SUMPRODUCT(B13:D13,B$7:D$7) -> 0 | M13: =SUMPRODUCT(E13:G13,E$7:G$7) -> 0 | N13: =SUMPRODUCT(H13:J13,H$7:J$7) -> 0 | O13: =SUMPRODUCT(K13:K13,K$7:K$7) -> 0 | P13: =SUM(L13:O13) -> 0 | Q13: =IF(P13=0,"-",RANK(P13,P$8:P$15)) -> -
A14: Daniel | L14: =SUMPRODUCT(B14:D14,B$7:D$7) -> 0 | M14: =SUMPRODUCT(E14:G14,E$7:G$7) -> 0 | N14: =SUMPRODUCT(H14:J14,H$7:J$7) -> 0 | O14: =SUMPRODUCT(K14:K14,K$7:K$7) -> 0 | P14: =SUM(L14:O14) -> 0 | Q14: =IF(P14=0,"-",RANK(P14,P$8:P$15)) -> -
A15: Antônio e Rosângela | L15: =SUMPRODUCT(B15:D15,B$7:D$7) -> 0 | M15: =SUMPRODUCT(E15:G15,E$7:G$7) -> 0 | N15: =SUMPRODUCT(H15:J15,H$7:J$7) -> 0 | O15: =SUMPRODUCT(K15:K15,K$7:K$7) -> 0 | P15: =SUM(L15:O15) -> 0 | Q15: =IF(P15=0,"-",RANK(P15,P$8:P$15)) -> -
A16: TOTAL DA EQUIPE | L16: =SUM(L8:L15) -> 0 | M16: =SUM(M8:M15) -> 0 | N16: =SUM(N8:N15) -> 0 | O16: =SUM(O8:O15) -> 0 | P16: =SUM(P8:P15) -> 0

Sheet Semana 5
A1: TERAPIAS E SAÚDE – Controle de Pontuação da Equipe
A2: Semana 5
A3: De: | C3: Até: | F3: Como usar: nas células amarelas, anote quantas vezes o membro fez a atividade (1 = uma vez; 0 ou vazio = não fez). Em 'Convidados', anote quantos convidados levou.
A5: Membro | B5: 01 Treinamento | E5: 02 Estudo e Ação | H5: 03 Vendas e Formação | K5: 04 Mesa Redonda | L5: Pontos por desafio
B6: Segunda – Gabinete 07h | C6: Projeto Gradua 10h | D6: TFE 20h | E6: Estudar a pasta | F6: Partiu visita | G6: Pós visita | H6: Fechamento de qualquer produto | I6: Recrutamento de consultor | J6: Convidados para workshop | K6: Foto com membro da equipe | L6: Total Treinamento | M6: Total Estudo e Ação | N6: Total Vendas e Formação | O6: Total Mesa Redonda
A7: Pontos por vez → | B7: =Pontuação!$C$5 -> 200 | C7: =Pontuação!$C$6 -> 200 | D7: =Pontuação!$C$7 -> 600 | E7: =Pontuação!$C$8 -> 300 | F7: =Pontuação!$C$9 -> 300 | G7: =Pontuação!$C$10 -> 400 | H7: =Pontuação!$C$11 -> 1000 | I7: =Pontuação!$C$12 -> 1000 | J7: =Pontuação!$C$13 -> 1000 | K7: =Pontuação!$C$14 -> 50
A8: José e Deusinha | L8: =SUMPRODUCT(B8:D8,B$7:D$7) -> 0 | M8: =SUMPRODUCT(E8:G8,E$7:G$7) -> 0 | N8: =SUMPRODUCT(H8:J8,H$7:J$7) -> 0 | O8: =SUMPRODUCT(K8:K8,K$7:K$7) -> 0 | P8: =SUM(L8:O8) -> 0 | Q8: =IF(P8=0,"-",RANK(P8,P$8:P$15)) -> -
A9: Wellington e Jéssica | L9: =SUMPRODUCT(B9:D9,B$7:D$7) -> 0 | M9: =SUMPRODUCT(E9:G9,E$7:G$7) -> 0 | N9: =SUMPRODUCT(H9:J9,H$7:J$7) -> 0 | O9: =SUMPRODUCT(K9:K9,K$7:K$7) -> 0 | P9: =SUM(L9:O9) -> 0 | Q9: =IF(P9=0,"-",RANK(P9,P$8:P$15)) -> -
A10: Dário | L10: =SUMPRODUCT(B10:D10,B$7:D$7) -> 0 | M10: =SUMPRODUCT(E10:G10,E$7:G$7) -> 0 | N10: =SUMPRODUCT(H10:J10,H$7:J$7) -> 0 | O10: =SUMPRODUCT(K10:K10,K$7:K$7) -> 0 | P10: =SUM(L10:O10) -> 0 | Q10: =IF(P10=0,"-",RANK(P10,P$8:P$15)) -> -
A11: Roberto | L11: =SUMPRODUCT(B11:D11,B$7:D$7) -> 0 | M11: =SUMPRODUCT(E11:G11,E$7:G$7) -> 0 | N11: =SUMPRODUCT(H11:J11,H$7:J$7) -> 0 | O11: =SUMPRODUCT(K11:K11,K$7:K$7) -> 0 | P11: =SUM(L11:O11) -> 0 | Q11: =IF(P11=0,"-",RANK(P11,P$8:P$15)) -> -
A12: Vera | L12: =SUMPRODUCT(B12:D12,B$7:D$7) -> 0 | M12: =SUMPRODUCT(E12:G12,E$7:G$7) -> 0 | N12: =SUMPRODUCT(H12:J12,H$7:J$7) -> 0 | O12: =SUMPRODUCT(K12:K12,K$7:K$7) -> 0 | P12: =SUM(L12:O12) -> 0 | Q12: =IF(P12=0,"-",RANK(P12,P$8:P$15)) -> -
A13: Regina | L13: =SUMPRODUCT(B13:D13,B$7:D$7) -> 0 | M13: =SUMPRODUCT(E13:G13,E$7:G$7) -> 0 | N13: =SUMPRODUCT(H13:J13,H$7:J$7) -> 0 | O13: =SUMPRODUCT(K13:K13,K$7:K$7) -> 0 | P13: =SUM(L13:O13) -> 0 | Q13: =IF(P13=0,"-",RANK(P13,P$8:P$15)) -> -
A14: Daniel | L14: =SUMPRODUCT(B14:D14,B$7:D$7) -> 0 | M14: =SUMPRODUCT(E14:G14,E$7:G$7) -> 0 | N14: =SUMPRODUCT(H14:J14,H$7:J$7) -> 0 | O14: =SUMPRODUCT(K14:K14,K$7:K$7) -> 0 | P14: =SUM(L14:O14) -> 0 | Q14: =IF(P14=0,"-",RANK(P14,P$8:P$15)) -> -
A15: Antônio e Rosângela | L15: =SUMPRODUCT(B15:D15,B$7:D$7) -> 0 | M15: =SUMPRODUCT(E15:G15,E$7:G$7) -> 0 | N15: =SUMPRODUCT(H15:J15,H$7:J$7) -> 0 | O15: =SUMPRODUCT(K15:K15,K$7:K$7) -> 0 | P15: =SUM(L15:O15) -> 0 | Q15: =IF(P15=0,"-",RANK(P15,P$8:P$15)) -> -
A16: TOTAL DA EQUIPE | L16: =SUM(L8:L15) -> 0 | M16: =SUM(M8:M15) -> 0 | N16: =SUM(N8:N15) -> 0 | O16: =SUM(O8:O15) -> 0 | P16: =SUM(P8:P15) -> 0
